0.031809,-0.001494,-0.022982,-0.032518,0.053196,0,1,0
0.014219,0.004605,-0.017772,-0.067698,0.051182,0,0,1
0.128282,-0.068388,0.030171,-0.031831,0.248397,0,1,0
-0.004458,-0.034884,-0.063569,0.021201,-0.017016,0,1,0
0.039069,-0.020188,-0.067248,-0.007445,-0.019844,0,1,0
0.039404,0.009197,-0.004043,-0.004327,0.10402,0,1,0
0.07105,0.0274,0.032526,0.022716,-0.025705,0,0,1
-0.024541,0.028395,-0.086453,0.027467,-0.070694,0,1,0
-0.013254,0.015468,-0.058136,0.011602,-0.026936,0,1,0
0.026999,-0.04403,-0.081392,-0.02566,-0.075865,0,1,0
0.025097,-0.015241,-0.05329,-0.04063,0.096831,0,1,0
-0.014344,0.023212,-0.057886,0.044061,0.014706,0,1,0
-0.005699,-0.027136,-0.080762,0.019294,-0.016415,0,1,0
0.006768,-0.002809,-0.009561,-0.095411,-0.047845,0,0,1
0.002855,-0.009102,-0.039443,-0.017724,0.045262,0,1,0
0.04259,0.024751,0.032268,0.036474,-0.034742,0,0,1
0.036077,0.02527,0.000121,0.004748,-0.013773,0,1,0
0.002976,0.017081,-0.026625,-0.058373,-0.051361,0,0,1
0.044095,-0.028675,-0.025818,-0.023921,0.009633,0,1,0
-0.000866,-0.007579,-0.062757,0.00968,0.000403,0,1,0
0.007271,0.029416,-0.043224,0.032976,-0.028943,0,0,1
0.008789,0.048579,-0.010269,0.087778,0.026037,0,0,1
-0.000847,0.02605,-0.019563,-0.019785,0.019062,0,0,1
0.019651,0.032305,0.013721,0.040178,0.091422,0,0,1
0.003251,-0.003465,-0.050693,0.021322,0.00365,0,1,0
-0.009137,-0.053748,-0.068705,0.046261,-0.035374,0,1,0
0.005852,-0.064654,-0.08352,-0.087126,-0.036495,0,1,0
0.100053,-0.022377,0.020073,-0.003732,0.152233,0,1,0
0.028125,0.005439,-0.021755,0.053922,0.052574,0,1,0
-0.003882,-0.153134,-0.056826,0.041997,-0.072585,0,1,0
0.061008,-0.05236,-0.047537,0.037901,0.002644,0,1,0
-0.025292,0.041357,-0.025183,0.042397,0.003809,0,0,1
0.051241,-0.002699,-0.026121,0.049602,-0.012863,0,1,0
0.05075,0.011594,0.021384,-0.010601,0.012793,0,1,0
0.032599,0.014371,0.014244,-0.013545,0.013903,0,1,0
0.032284,-0.014832,-0.043245,0.053612,-0.013316,0,1,0
0.006696,-0.05998,-0.080285,-0.02967,-0.041945,0,1,0
0.047935,-0.009354,0.018054,-0.078583,-0.010659,0,1,0
-0.021743,0.02271,-0.025749,-0.010522,0.024092,0,0,1
0.01885,0.039758,0.013325,0.053193,-0.005496,0,0,1
0.057449,0.038229,0.023961,0.085947,-0.051795,0,0,1
-0.008665,0.016653,-0.027554,-0.06309,-0.043334,0,0,1
0.032389,0.024703,0.008351,0.006913,-0.00722,0,0,1
0.01237,0.017269,-0.036246,0.047648,-0.003848,0,1,0
0.003879,-0.116018,-0.068756,-0.049306,-0.082556,0,1,0
-0.001231,-0.017466,-0.050135,0.021462,0.002403,0,1,0
0.10817,0.023471,0.0302,0.046101,0.026369,0,1,0
0.050327,-0.013164,-0.050936,-0.05359,-0.007209,0,1,0
0.040326,-0.027524,-0.072535,-0.02572,-0.003725,0,1,0
0.050126,-0.043964,-0.040881,-0.000596,0.035845,0,1,0
0.020678,0.019664,0.010415,-0.022764,-0.001111,0,0,1
0.01237,0.028757,-0.026744,0.000404,-0.020169,0,0,1
0.028347,-0.026525,-0.043358,0.040026,0.007999,0,1,0
-0.029741,0.040914,-0.028452,0.025025,0.045067,0,0,1
0.022034,0.023971,-0.011124,-0.007007,0.009323,0,1,0
0.016411,0.015799,-0.020285,-0.051675,-0.029513,0,1,0
-0.000739,0.0046,-0.029177,-0.104169,-0.03162,0,0,1
0.011587,0.021396,-0.099311,-0.00195,-0.083458,0,1,0
0.050861,0.019962,0.011116,0.003481,-0.07236,0,0,1
-0.007715,0.016013,-0.07563,-0.005474,-0.065301,0,1,0
0.044022,0.015016,-0.00701,0.016347,-0.001814,0,1,0
0.033444,0.007803,0.014608,-0.04442,0.040801,0,0,1
0.012458,0.015596,-0.017736,0.004478,-0.034128,0,1,0
0.060145,0.012386,-0.014126,0.029976,0.02139,0,1,0
0.07249,0.01257,0.059788,0.043015,-0.003867,0,1,0
0.002332,0.002735,-0.029499,-0.104821,-0.051161,0,0,1
0.088707,-0.003088,-0.09146,-0.144631,-0.102853,0,1,0
0.037422,0.014117,0.000026,-0.004191,0.051012,0,1,0
0.053287,0.019005,0.023959,0.017223,-0.027804,0,1,0
-0.009978,-0.036905,-0.073888,0.02249,-0.018235,0,1,0
0.058708,0.045206,0.000027,0.044037,0.0123,0,0,1
0.015074,0.031465,-0.005411,0.006761,-0.010573,0,0,1
-0.023855,0.02904,-0.031031,-0.03933,0.001684,0,0,1
-0.037427,0.028836,-0.053627,0.00004,-0.007997,0,1,0
0.084318,-0.004409,0.045281,-0.049064,0.027927,0,1,0
-0.035257,-0.017018,-0.050804,0.052909,0.046842,0,1,0
0.046191,0.003245,0.011647,-0.052819,0.142121,0,1,0
-0.000382,0.016091,-0.021929,-0.049826,0.064477,0,0,1
0.010679,0.029273,0.008831,0.027493,0.030648,0,1,0
0.044945,0.007105,-0.02698,-0.04129,-0.046656,0,1,0
-0.009837,-0.152665,-0.050744,0.049654,0.040878,0,1,0
-0.002414,0.019581,-0.03698,-0.036324,-0.022208,0,1,0
-0.008567,-0.194013,-0.021182,0.10128,0.057819,0,1,0
0.014653,0.021379,-0.035328,-0.027465,0.002283,0,1,0
-0.014168,-0.062464,-0.081729,0.030694,-0.082331,0,1,0
0.036811,-0.004555,-0.028893,0.05336,0.019739,0,1,0
0.081432,0.001354,0.01977,-0.041465,0.01047,0,1,0
0.065618,0.016587,-0.000885,0.016648,-0.003939,0,1,0
0.062085,-0.070736,-0.027084,-0.020096,0.108192,0,1,0
0.014556,0.038439,-0.024972,0.039177,0.03809,0,0,1
0.026414,0.016672,-0.024862,-0.000781,0.05325,0,1,0
0.08745,0.000232,-0.000125,-0.063036,-0.008137,0,1,0
0.019356,0.021067,-0.046978,-0.035411,-0.079569,0,1,0
0.084969,-0.009001,-0.008013,-0.109474,0.069767,0,1,0
0.039632,0.013383,0.028077,-0.007555,-0.024032,0,0,1
0.127566,-0.005476,0.089633,-0.000374,-0.001033,0,1,0
-0.031478,0.015522,-0.058027,-0.087086,-0.00671,0,0,1
0.004337,-0.011493,-0.042748,0.040292,-0.000571,0,1,0
0.032519,0.015077,-0.028292,-0.005292,0.006169,0,1,0
0.000419,0.00466,-0.078508,-0.0131,-0.067827,0,1,0
0.014061,0.021907,-0.019698,-0.01961,0.000823,0,1,0
0.094313,-0.007216,-0.028292,-0.119737,-0.001047,0,1,0
0.017494,-0.014499,-0.048818,0.057089,-0.037689,0,1,0
0.048691,-0.033986,-0.023104,-0.054044,0.185981,0,1,0
0.022708,0.033706,0.005901,0.018929,0.027294,0,1,0
0.040073,-0.027976,-0.045534,0.034007,-0.019912,0,1,0
-0.000545,0.026683,-0.018277,0.036407,0.060537,0,1,0
-0.004573,0.011139,-0.003653,-0.027143,0.093628,0,0,1
0.071541,0.006624,-0.010977,0.006806,-0.016168,0,1,0
0.016806,0.045305,0.009649,0.091233,0.002285,0,0,1
0.094997,0.013432,0.022211,0.015113,0.072782,0,1,0
-0.001908,0.01377,-0.008,-0.037507,-0.030982,0,1,0
0.000005,0.018862,-0.035839,0.063433,0.015907,0,1,0
-0.008338,0.037915,-0.034537,0.057256,-0.006284,0,0,1
0.058878,0.013338,0.002725,-0.04445,0.083988,0,1,0
0.007019,0.018802,-0.027596,0.025919,0.003761,0,1,0
0.014461,0.028981,-0.014303,-0.013476,-0.010907,0,0,1
0.047957,-0.018646,-0.009179,0.011155,-0.013923,0,1,0
0.064091,0.029772,-0.011419,0.004229,-0.053127,0,1,0
0.099372,-0.037324,-0.020949,-0.020804,0.028209,0,1,0
-0.038284,-0.259113,-0.041649,0.084316,-0.028641,0,1,0
-0.002656,0.022722,-0.049531,-0.057624,-0.025327,0,0,1
0.013871,0.033823,-0.01148,0.025538,0.033715,0,0,1
-0.051312,-0.036997,-0.080779,0.062859,-0.044342,0,1,0
0.035685,0.024797,0.012277,0.028509,0.000512,0,1,0
0.067589,0.000118,-0.004882,-0.048025,0.033182,0,1,0
-0.014841,0.021566,-0.062651,-0.02617,-0.034068,0,1,0
-0.013178,0.001741,-0.032427,-0.115858,-0.057976,0,0,1
0.031819,0.026973,-0.028011,0.010147,-0.017971,0,1,0
-0.005287,0.022785,-0.035965,-0.031576,0.017832,0,0,1
-0.021098,0.034585,-0.045583,-0.000082,-0.02945,0,0,1
0.015602,-0.02291,-0.057956,0.016654,0.007933,0,1,0
0.059503,0.004272,0.019463,-0.035229,-0.041759,0,1,0
0.024884,0.01413,-0.006542,-0.024864,0.017871,0,1,0
0.107335,-0.134994,0.00246,0.084677,0.051319,0,1,0
0.033314,-0.040734,-0.022383,0.055033,0.025646,0,1,0
0.056041,0.023799,0.014317,0.038558,0.021587,0,1,0
0.020422,-0.093976,-0.047861,0.04624,-0.06189,0,1,0
0.048808,-0.14963,-0.026327,-0.007887,0.072118,0,1,0
0.02701,-0.050515,-0.07365,-0.014258,-0.062911,0,1,0
-0.003418,0.021567,-0.003294,-0.014004,0.040852,0,0,1
0.012414,0.002982,-0.063081,-0.072273,-0.006889,0,1,0
0.035465,-0.01197,-0.035451,0.025651,-0.005412,0,1,0
0.065067,0.003559,0.009455,0.046645,0.081686,0,1,0
-0.037476,-0.036383,-0.08891,0.026876,-0.047729,0,1,0
0.002172,0.020585,-0.037448,-0.016908,-0.028413,0,1,0
-0.016919,0.011573,-0.044549,-0.097866,-0.02771,0,0,1
0.026985,-0.050657,-0.03908,0.02551,0.0539,0,1,0
-0.013992,0.011704,-0.043303,0.016531,0.011548,0,1,0
-0.003041,-0.018046,-0.019227,-0.157826,-0.066649,0,0,1
0.045455,-0.023434,0.010266,0.001764,0.004893,0,1,0
0.017307,0.028136,0.000155,0.014563,-0.030432,0,0,1
-0.006016,0.032148,-0.022888,0.015989,0.007316,0,0,1
0.00697,0.011728,-0.038306,-0.091635,0.007072,0,0,1
0.035825,0.001503,-0.026613,-0.106667,-0.050716,0,0,1
-0.024391,0.026802,-0.028551,-0.010814,0.058795,0,0,1
0.018531,0.018511,-0.00187,-0.028334,-0.010592,0,1,0
0.107769,-0.04195,-0.042273,-0.047336,0.056978,0,1,0
0.00693,0.038861,-0.024606,0.036202,-0.030858,0,0,1
-0.025641,-0.043433,-0.062364,0.06909,-0.022666,0,1,0
0.025876,0.011413,0.012832,-0.032688,-0.024943,0,0,1
0.01035,0.030378,-0.041652,-0.022669,-0.012304,0,1,0
-0.016965,0.042689,-0.035526,0.028511,-0.025736,0,0,1
-0.016541,0.028444,-0.02369,-0.007796,-0.015749,0,0,1
-0.002556,0.003306,-0.067731,-0.042881,-0.006474,0,1,0
0.034292,-0.066892,-0.036596,-0.081009,0.131485,0,1,0
0.081263,-0.020743,0.035835,-0.058844,0.202093,0,1,0
0.029936,-0.020042,-0.05953,0.006409,-0.008467,0,1,0
0.024538,-0.019161,-0.049195,0.015109,-0.01625,0,1,0
0.045195,0.003534,0.020262,0.098221,0.139618,0,1,0
0.08893,0.002301,0.041421,-0.036386,-0.063354,0,0,1
0.012199,0.009319,-0.02734,-0.089321,-0.035279,0,0,1
0.047485,0.017252,-0.022971,-0.067109,-0.032573,0,0,1
-0.046135,-0.127717,-0.062224,0.062425,-0.022411,0,1,0
-0.060008,-0.11863,-0.087213,0.041301,-0.043972,0,1,0
0.05476,-0.03026,-0.033688,-0.023858,0.034583,0,1,0
0.053493,0.007559,0.026146,-0.035399,0.023597,0,1,0
0.039847,-0.021622,-0.049811,-0.003213,0.024643,0,1,0
0.09288,0.010904,0.002482,-0.026414,0.026354,0,1,0
-0.017414,0.023419,-0.019271,0.018883,0.04049,0,1,0
0.057134,0.00384,-0.025872,0.018772,0.01286,0,1,0
0.104762,0.016608,0.061728,0.061079,-0.024748,0,1,0
0.005299,0.029871,-0.005597,0.024459,0.022482,0,0,1
0.0753,0.003891,0.03245,-0.041739,0.085975,0,1,0
0.035958,-0.013124,-0.050575,-0.04096,-0.054036,0,1,0
-0.008594,-0.127096,-0.076894,-0.001856,-0.032298,0,1,0
-0.010263,-0.027276,-0.057441,-0.014826,0.06601,0,1,0
0.042698,0.01571,-0.00488,-0.025761,0.001693,0,1,0
0.010293,0.0246,-0.037889,0.008986,-0.036973,0,1,0
-0.017669,0.015582,-0.030298,-0.055499,-0.001032,0,0,1
-0.049515,-0.034345,-0.07999,0.031545,-0.008613,0,1,0
-0.011035,-0.02002,-0.063166,0.014376,-0.014063,0,1,0
0.044762,-0.028179,-0.041172,0.053408,-0.006177,0,1,0
0.056833,0.038123,-0.006695,0.046452,-0.053879,0,1,0
-0.064369,0.023798,-0.065392,0.073239,0.000516,0,0,1
0.001198,-0.055507,-0.052575,0.020883,-0.028526,0,1,0
0.033611,-0.026411,-0.06845,0.003604,-0.069436,0,1,0
-0.004348,0.031011,-0.02901,0.001801,0.009192,0,0,1
0.099662,0.003131,0.048124,-0.015454,0.013653,0,1,0
0.114814,0.002602,0.030382,-0.011817,-0.049439,0,1,0
0.00923,0.03576,-0.009053,0.022044,-0.035708,0,0,1
0.005682,0.035065,-0.004367,0.040926,0.01315,0,0,1
0.041724,-0.004986,-0.046702,-0.029944,-0.016982,0,1,0
0.017177,0.004842,-0.048104,0.067739,-0.041127,0,1,0
0.060547,0.021035,0.000516,-0.033441,0.022101,0,1,0
0.079339,0.011268,0.017623,-0.009479,-0.032568,0,1,0
0.009691,0.019033,-0.033869,-0.042341,-0.017166,0,0,1
0.025234,0.041887,-0.000701,0.068282,-0.029117,0,0,1
0.077082,0.013588,-0.00047,0.00682,0.036191,0,1,0
-0.046564,0.023313,-0.068684,0.002773,0.005894,0,0,1
0.01579,-0.010194,-0.05998,0.053816,-0.054164,0,1,0
0.036356,0.026016,0.024879,0.031712,-0.032117,0,0,1
-0.041403,0.028685,-0.071948,-0.002571,-0.006125,0,1,0
-0.011521,0.020868,-0.013168,-0.006227,-0.028149,0,1,0
0.070236,0.019925,-0.016517,0.021343,-0.030838,0,1,0
-0.011717,0.036465,-0.023633,0.058238,0.01592,0,0,1
-0.00476,-0.030375,-0.078931,0.010258,-0.025393,0,1,0
0.016503,0.004845,-0.049235,0.003886,-0.037589,0,1,0
-0.010154,0.035736,-0.041991,0.054808,-0.029766,0,0,1
0.017706,-0.062364,-0.057611,0.010737,0.002196,0,1,0
0.033403,0.010734,-0.047622,0.023368,-0.019179,0,1,0
0.087814,0.000827,-0.019298,-0.003699,-0.026022,0,1,0
0.072844,0.01735,0.018647,0.001548,-0.023904,0,1,0
0.031821,0.020056,0.025394,0.007046,0.000632,0,0,1
-0.041023,-0.015076,-0.069525,0.030591,-0.003846,0,1,0
0.006832,0.007312,-0.053181,0.038208,-0.019059,0,1,0
-0.019087,-0.001004,-0.076245,0.035305,-0.061026,0,1,0
0.062721,0.031854,0.023334,0.096052,0.014369,0,1,0
0.046326,0.019851,-0.007992,0.012353,0.069507,0,1,0
0.022336,0.000781,-0.044162,0.017829,0.002175,0,1,0
0.030742,0.045699,0.009,0.036562,-0.010687,0,0,1
0.000994,-0.001127,-0.011438,-0.101476,-0.033787,0,0,1
0.037402,0.027116,0.015918,0.008325,-0.009172,0,0,1
0.035366,0.027548,0.007725,0.011642,-0.020443,0,0,1
0.000189,0.029602,-0.02775,-0.016063,-0.033873,0,0,1
0.020529,0.000432,-0.05457,0.056308,-0.014236,0,1,0
0.029216,0.017384,0.005948,-0.018215,0.010802,0,1,0
0.020978,-0.022813,-0.024639,-0.038822,0.111596,0,1,0
0.034741,0.0395,0.005628,0.047241,0.079937,0,1,0
0.038401,-0.044746,-0.024046,0.05701,-0.011412,0,1,0
-0.013249,-0.044481,-0.030946,0.082309,0.058292,0,1,0
0.041994,0.037033,0.005863,0.054193,-0.005219,0,0,1
-0.005081,0.011473,-0.048755,0.013808,0.03039,0,1,0
-0.022196,0.035759,-0.021003,0.015644,-0.01553,0,0,1
0.00946,-0.003662,-0.041548,0.051717,-0.000997,0,1,0
-0.001768,0.028281,-0.029258,0.007927,-0.00902,0,1,0
0.009164,0.020733,-0.022255,-0.034887,-0.043238,0,0,1
0.091807,-0.089066,-0.000314,0.059547,0.090742,0,1,0
0.008233,0.017477,-0.018932,0.020191,0.02699,0,1,0
0.087569,-0.035153,-0.050566,-0.019592,0.056098,0,1,0
0.036952,0.000609,0.016424,-0.056738,-0.038707,0,0,1
0.025087,-0.076021,-0.050313,0.032693,0.027415,0,1,0
0.083723,0.017603,-0.003046,-0.020497,-0.028934,0,1,0
0.059592,0.038666,0.039593,0.10534,-0.043567,0,0,1
0.07624,-0.000246,0.001776,-0.015903,0.026199,0,1,0
0.064179,-0.034794,-0.036787,0.034938,0.00907,0,1,0
-0.02568,0.007174,-0.066758,0.03276,-0.011829,0,1,0
0.047362,-0.004962,0.020378,-0.038485,0.084446,0,1,0
0.021091,0.007715,-0.01453,-0.053046,-0.029177,0,1,0
-0.013308,0.021504,-0.018931,-0.031499,-0.014522,0,0,1
0.021607,-0.154402,-0.05125,0.014851,0.086917,0,1,0
0.00284,-0.014604,-0.05809,0.010917,-0.029237,0,1,0
0.056452,-0.008835,-0.028305,-0.022445,0.00717,0,1,0
-0.00443,0.020506,-0.01904,-0.037229,-0.008689,0,0,1
0.020574,0.011281,-0.037616,-0.006905,0.017452,0,1,0
-0.001657,0.012257,-0.045474,-0.045138,0.024915,0,1,0
-0.009585,-0.035059,-0.055057,0.089402,0.025941,0,1,0
-0.006237,0.036199,-0.007236,0.05781,0.002406,0,0,1
0.022162,-0.018262,-0.058503,0.042406,-0.025978,0,1,0
0.017367,0.022447,-0.008998,-0.005817,0.019628,0,1,0
-0.024288,0.019135,-0.023126,-0.03531,-0.004595,0,1,0
-0.025531,0.032029,-0.026616,0.019803,0.004161,0,0,1
-0.011737,-0.101697,-0.03516,0.013916,0.113415,0,1,0
-0.012509,-0.039605,-0.066561,0.028062,0.007365,0,1,0
0.026281,-0.009739,0.004187,-0.106216,-0.044421,0,0,1
0.034733,-0.055817,-0.036913,0.029028,0.032753,0,1,0
0.043483,-0.02551,-0.060941,-0.024236,-0.027505,0,1,0
-0.005225,0.013593,-0.037693,0.010328,-0.01321,0,1,0
0.008653,0.008013,-0.062556,-0.088206,-0.065309,0,1,0
0.027005,0.022779,-0.019118,-0.04601,0.010302,0,1,0
0.050449,0.000697,-0.025704,0.02238,-0.036995,0,1,0
0.022977,-0.037231,-0.058691,-0.037263,0.020762,0,1,0
0.051816,0.020531,0.002158,-0.023433,0.053304,0,1,0
-0.044038,-0.001723,-0.076754,-0.013443,0.015404,0,1,0
0.03021,0.017389,-0.011581,0.023678,0.044059,0,1,0
-0.05979,-0.111112,-0.05614,0.087969,-0.07361,0,1,0
0.010669,-0.016444,0.029174,-0.071422,-0.04949,1,0,1
-0.076547,0.039028,-0.020575,0.039159,0.023142,1,0,1
-0.014061,0.026284,0.004608,0.022072,-0.014867,1,0,1
-0.028805,-0.036623,0.02451,-0.119963,-0.035229,1,0,1
-0.010691,-0.045714,0.093024,-0.040659,0.047397,1,0,1
-0.012085,0.01825,0.023928,0.022082,-0.010211,1,0,1
-0.044715,0.035561,0.006,0.051023,0.006207,1,0,1
-0.043655,0.033883,-0.001822,0.029848,0.044201,1,0,1
0.01971,0.010674,0.036543,0.011391,-0.024493,1,0,1
-0.086972,0.033569,-0.014139,0.024758,0.039571,1,0,1
-0.05778,-0.02191,0.04753,-0.028252,-0.004853,1,0,1
-0.030455,0.008649,0.015401,-0.024783,0.008467,1,0,1
-0.005078,-0.043734,0.095303,-0.011059,-0.002293,1,0,1
-0.033352,0.005744,0.013345,-0.028694,-0.021021,1,0,1
-0.131956,-0.075713,0.047539,-0.12826,0.02073,1,0,1
-0.070235,0.029153,-0.016144,0.015816,0.032606,1,0,1
-0.022354,0.025502,0.007768,0.016436,0.02131,1,0,1
-0.013396,0.033086,-0.006441,0.033563,-0.015432,1,0,1
-0.048039,0.023998,-0.010948,-0.00674,0.00464,1,0,1
0.034308,0.007448,0.033715,-0.01111,-0.031858,1,0,1
0.041679,0.010945,0.069501,0.064245,-0.033684,1,0,1
-0.021982,0.01959,-0.000609,-0.029491,0.020053,1,0,1
-0.049907,0.026823,-0.00903,0.004943,0.018098,1,0,1
0.009339,0.007064,0.014987,-0.029482,-0.033689,1,0,1
-0.041539,0.029432,-0.009356,0.019527,0.03837,1,0,1
-0.011433,-0.017593,0.061436,-0.005761,-0.01976,1,0,1
-0.003533,0.00491,0.051309,0.023686,-0.000159,1,0,1
-0.028829,0.020063,0.003994,-0.006422,-0.002432,1,0,1
0.063242,0.000712,0.06717,-0.00019,-0.006528,1,1,0
-0.033601,0.009353,0.033625,0.013646,0.023297,1,0,1
-0.020713,-0.003048,0.056301,0.014694,0.006337,1,0,1
-0.014294,0.012443,0.038853,0.031925,-0.036073,1,0,1
-0.057086,-0.002186,0.007596,-0.057354,-0.005915,1,0,1
-0.081731,-0.36185,0.000644,0.129301,-0.04276,1,1,0
0.025159,0.027419,0.023897,0.030877,0.013792,1,0,1
-0.040425,0.035853,-0.029983,0.00951,0.000058,1,0,1
-0.03688,0.026731,-0.029949,-0.010248,-0.006841,1,0,1
-0.021861,0.018836,0.009539,-0.000783,0.015539,1,0,1
0.05411,0.012758,0.043417,0.035748,-0.081318,1,0,1
-0.048166,-0.018107,0.030738,-0.054246,-0.019498,1,0,1
-0.061037,0.020146,-0.014063,-0.014262,0.002088,1,0,1
-0.054345,-0.034415,0.046564,-0.068371,0.003701,1,0,1
0.003691,-0.00436,0.026608,-0.046991,-0.025208,1,0,1
-0.040788,0.017624,0.00197,-0.012433,-0.01015,1,0,1
0.033438,0.013422,0.054094,0.038981,0.006162,1,0,1
-0.015834,0.00823,0.021808,-0.007821,-0.024105,1,0,1
0.04003,-0.016842,0.108848,0.044093,0.0054,1,0,1
-0.041104,0.014415,-0.01656,-0.047104,0.022728,1,0,1
-0.016943,0.006283,0.008267,-0.05656,0.205982,1,1,1
-0.00216,-0.01083,0.048982,-0.019855,-0.020118,1,0,1
-0.004236,0.027971,0.005381,0.026261,-0.038707,1,0,1
-0.042856,-0.079136,0.07986,-0.10313,-0.039909,1,0,1
-0.053436,0.025851,-0.020234,-0.015372,0.023416,1,0,1
-0.016262,0.014546,0.009163,-0.023159,0.040362,1,0,1
-0.053635,0.012302,0.024576,0.002977,0.067455,1,0,1
0.006338,-0.002016,0.017761,-0.064336,-0.006349,1,0,1
0.019682,0.012496,0.045378,0.022224,-0.005968,1,0,1
-0.061093,0.025015,-0.011397,-0.003932,0.001466,1,0,1
-0.02493,0.012999,0.010123,-0.016694,-0.021096,1,0,1
-0.017204,-0.032977,0.06999,-0.01278,-0.043101,1,0,1
0.014182,0.006394,0.036326,-0.000748,-0.036022,1,0,1
-0.086082,0.010709,0.023623,0.018954,0.022868,1,0,1
-0.026179,0.040732,-0.007934,0.053291,-0.005539,1,0,1
0.019505,0.02159,0.025155,0.00934,0.001881,1,0,1
-0.028888,0.024733,0.005932,0.00857,0.041824,1,0,1
-0.063212,-0.01938,0.053487,-0.00686,-0.005885,1,0,1
0.034286,-0.002519,0.048446,-0.002708,0.005256,1,1,0
-0.037103,0.032667,-0.011002,0.020425,-0.005524,1,0,1
-0.038137,0.032863,-0.016494,0.016022,0.014879,1,0,1
-0.022389,0.015795,0.040829,0.041263,-0.003681,1,0,1
-0.042949,-0.012666,0.054016,0.011955,-0.017261,1,0,1
0.044291,0.006189,0.057183,0.024705,-0.055343,1,0,1
-0.03917,-0.006738,0.027127,-0.050935,0.065409,1,0,1
-0.027518,0.012882,0.04048,0.041984,-0.016352,1,0,1
0.013749,0.033461,0.017077,0.048853,0.019884,1,0,1
-0.030307,-0.005133,0.046332,0.004581,-0.025425,1,0,1
-0.029782,0.02154,-0.00076,-0.013086,0.000442,1,0,1
-0.040721,0.029314,-0.023529,-0.003421,0.014573,1,0,1
0.006895,-0.023799,0.066646,-0.011,-0.057707,1,0,1
-0.03504,0.028966,-0.013904,0.00971,-0.008755,1,0,1
-0.04064,0.015145,0.009194,-0.007652,0.003067,1,0,1
-0.010353,0.012803,-0.000928,-0.035827,0.042061,1,0,1
0.039047,0.009168,0.04218,0.011742,-0.044364,1,0,1
0.027116,-0.007834,0.052684,-0.022715,-0.023874,1,0,1
-0.056498,0.011964,0.022817,0.012111,0.008407,1,0,1
-0.04143,0.015936,0.042819,0.054349,0.02565,1,0,1
0.024314,0.015937,0.03185,0.004264,0.021239,1,0,1
-0.048003,0.001829,0.036945,0.010434,-0.006182,1,0,1
-0.060067,0.02214,0.030269,0.050056,0.031648,1,0,1
-0.058926,0.027786,-0.00404,0.016879,0.002437,1,0,1
-0.058804,0.038083,-0.041299,0.026559,-0.007454,1,0,1
-0.003546,-0.001821,0.057565,0.022354,-0.032288,1,0,1
-0.000118,0.013872,0.012306,-0.012457,-0.020106,1,0,1
-0.110001,-0.028302,0.055172,-0.013509,0.031359,1,0,1
-0.078173,-0.427603,0.026019,0.032516,0.022941,1,1,0
-0.061755,0.012509,0.034592,0.033311,0.012875,1,0,1
0.004334,-0.030372,0.065383,-0.033082,-0.057494,1,0,1
-0.026358,0.034349,-0.013657,0.025471,0.001132,1,0,1
-0.035349,0.011521,0.012461,-0.015693,-0.004184,1,0,1
-0.047741,0.037345,-0.026338,0.020927,0.011277,1,0,1
0.025245,0.032639,0.02784,0.065837,-0.034294,1,0,1
-0.041984,0.018991,0.029756,0.03501,0.020402,1,0,1
-0.052304,0.03544,-0.024158,0.007989,0.020486,1,0,1
-0.005276,0.001136,0.040514,-0.016973,0.032798,1,0,1
-0.007124,-0.014252,0.053647,-0.02691,0.024281,1,0,1
-0.055229,-0.023383,0.058838,-0.022169,0.027045,1,0,1
-0.008675,0.013585,0.000786,-0.043145,0.004204,1,0,1
-0.030686,-0.042564,0.031484,-0.116237,-0.045746,1,0,1
0.004415,-0.043697,0.104286,0.015861,-0.047826,1,0,1
-0.044939,0.00576,0.012608,-0.026757,-0.003589,1,0,1
-0.008008,-0.01951,0.068702,0.001181,-0.02865,1,0,1
-0.056398,0.019141,-0.00481,-0.014321,-0.001357,1,0,1
-0.070555,0.035963,-0.034577,0.006645,0.023387,1,0,1
0.01215,0.016997,0.02517,0.008121,-0.017427,1,0,1
-0.017236,0.015373,0.013546,-0.006749,0.005195,1,0,1
0.000436,0.016134,0.035591,0.033292,0.00256,1,0,1
-0.049954,0.002453,-0.002733,-0.080988,0.077288,1,0,1
-0.013322,0.040223,0.001044,0.054438,0.003606,1,0,1
-0.063711,0.02756,-0.023249,-0.008833,0.021631,1,0,1
0.008813,0.007912,0.01679,-0.027435,-0.028196,1,0,1
-0.038845,-0.002438,-0.003961,-0.083256,0.007359,1,0,1
-0.048815,-0.022399,0.045306,-0.036251,-0.017418,1,0,1
0.043176,-0.053334,0.102365,-0.017077,-0.102398,1,0,1
-0.073519,0.021446,-0.043094,-0.057572,-0.000406,1,0,1
-0.09135,-0.017178,0.030075,-0.040381,0.008131,1,0,1
-0.048005,-0.015873,0.055994,0.002117,-0.014452,1,0,1
-0.037593,0.024985,-0.002961,0.007563,-0.015708,1,0,1
-0.021086,0.01714,0.014953,0.009225,0.0056,1,0,1
0.01446,-0.011485,0.050225,-0.012561,-0.060174,1,0,1
-0.029186,0.017533,0.005029,-0.005638,-0.003638,1,0,1
-0.029737,0.022582,0.019097,0.017034,0.086767,1,0,1
-0.021353,0.006609,0.004118,-0.039838,-0.027614,1,0,1
0.009159,0.012792,0.020537,-0.004136,0.004084,1,0,1
-0.003666,-0.013602,0.050909,-0.021078,-0.038316,1,0,1
-0.008981,0.015993,0.039676,0.027419,0.011893,1,0,1
-0.038476,0.022938,0.010851,0.016876,0.00993,1,0,1
0.007297,0.012662,0.031692,0.022337,-0.044452,1,0,1
0.000189,0.012456,0.043258,0.033606,-0.012027,1,0,1
0.02707,0.009911,0.045933,0.029092,-0.031334,1,0,1
-0.040458,0.02684,0.004802,0.024435,-0.009445,1,0,1
-0.018059,0.003368,0.015807,-0.044308,0.038118,1,0,1
0.002761,0.029312,0.009309,0.029849,-0.02166,1,0,1
-0.025034,0.012527,0.017346,0.001789,-0.013052,1,0,1
-0.023839,0.006939,-0.013195,-0.068938,0.010962,1,0,1
0.007394,0.021311,0.006416,-0.012175,0.014177,1,0,1
-0.029519,-0.002898,0.065668,0.041345,0.002914,1,0,1
-0.052726,-0.002727,0.026222,-0.024973,-0.004651,1,0,1
-0.032686,-0.066651,0.0944,-0.059067,0.007211,1,0,1
-0.010157,0.000226,0.042276,-0.007448,0.00415,1,0,1
-0.030575,0.013845,0.023568,0.010295,-0.009199,1,0,1
-0.044023,0.031798,-0.027327,0.001877,-0.012925,1,0,1
-0.001476,0.008788,0.024204,0.004059,-0.038952,1,1,0
0.000822,-0.015043,0.070108,0.008511,-0.00277,1,0,1
-0.050737,0.038986,-0.032083,0.055106,0.023421,1,0,1
-0.007118,0.014054,0.037012,0.029062,-0.014894,1,0,1
-0.088966,-0.032803,0.071261,-0.010222,0.068518,1,0,1
0.000883,0.032064,0.007245,0.025606,-0.013703,1,0,1
-0.046971,0.003978,0.034606,-0.005418,0.062417,1,0,1
-0.008008,0.029982,0.027001,0.0605,-0.016997,1,0,1
-0.002931,0.012043,0.033348,-0.002749,0.084,1,0,1
-0.050668,0.020611,0.003434,-0.001939,0.076011,1,0,1
-0.044489,0.032937,0.001276,0.045753,-0.007016,1,0,1
0.02557,0.012901,0.060423,0.053504,-0.023766,1,0,1
-0.018598,0.013063,0.032185,0.020142,-0.011283,1,0,1
-0.038792,-0.043583,0.093039,-0.014781,0.048609,1,0,1
0.126507,-0.027318,0.149494,0.087201,-0.088035,1,0,1
-0.038363,0.014966,-0.008088,-0.032909,-0.015779,1,0,1
-0.016643,-0.025759,0.068375,-0.023078,0.022968,1,0,1
-0.040618,-0.009569,0.048847,-0.010329,0.016796,1,0,1
-0.071217,0.0077,0.023085,0.002701,0.027573,1,0,1
-0.007841,0.01052,0.024653,-0.013628,0.022749,1,0,1
-0.014852,0.032152,0.011187,0.034503,0.021847,1,0,1
0.0139,0.00686,0.027403,-0.016283,-0.024724,1,0,1
-0.040073,0.029258,0.01675,0.047315,0.013674,1,0,1
-0.040556,-0.026247,0.055751,-0.027043,-0.009188,1,0,1
-0.034471,0.022899,-0.007842,-0.006968,-0.017573,1,0,1
0.067144,-0.01545,0.066422,-0.017612,-0.039857,1,1,0
-0.035195,0.021323,-0.006529,-0.014766,-0.020764,1,0,1
0.028724,0.015287,0.043473,0.042298,-0.054099,1,0,1
0.036381,0.001015,0.037202,-0.016468,-0.048913,1,0,1
0.014141,-0.012392,0.037362,-0.046681,-0.060385,1,0,1
-0.000738,-0.004604,0.043283,-0.010024,-0.018036,1,0,1
-0.028499,-0.012474,0.014889,-0.076692,-0.016524,1,0,1
0.003978,-0.011024,0.060932,0.002078,-0.036513,1,0,1
0.004351,-0.035848,0.065818,-0.038557,-0.064988,1,0,1
-0.040403,0.01907,0.000172,-0.012569,0.049886,1,0,1
-0.064525,0.006571,-0.005777,-0.071032,0.06748,1,0,1
-0.02605,0.009072,-0.007308,-0.050234,-0.01278,1,0,1
0.021407,0.008305,0.042898,0.014231,-0.031981,1,0,1
0.010803,-0.004926,0.068462,0.036822,-0.059907,1,0,1
0.003297,0.024429,0.003383,-0.000443,-0.023671,1,0,1
-0.014109,0.03279,0.014199,0.042165,0.002486,1,0,1
-0.054832,0.007915,0.019344,-0.005828,0.001149,1,0,1
0.010976,-0.006873,0.051733,-0.002443,-0.051606,1,0,1
0.035364,0.024077,0.042514,0.04478,-0.032644,1,0,1
0.027694,-0.000491,0.05934,0.004661,0.060655,1,1,0
-0.051182,0.032727,-0.007602,0.037376,-0.006101,1,0,1
0.059757,-0.026033,0.115355,0.059328,-0.080924,1,0,1
-0.02026,0.01529,-0.003469,-0.035855,0.06183,1,0,1
-0.012992,0.033766,-0.009535,0.024931,-0.010537,1,0,1
-0.068508,0.024045,0.002397,0.020001,0.017433,1,0,1
-0.033896,0.018121,0.000551,-0.016972,-0.010674,1,0,1
-0.01833,0.027825,-0.01159,0.004133,-0.038303,1,0,1
-0.004439,-0.02554,0.065579,-0.027985,-0.005406,1,0,1
-0.061103,-0.037504,0.081098,0.007081,-0.016274,1,0,1
-0.079407,0.033757,-0.006008,0.030258,0.024208,1,0,1
-0.007586,0.021713,-0.002668,-0.01233,-0.011332,1,0,1
-0.033691,0.025293,0.021628,0.046458,-0.00418,1,0,1
-0.04735,-0.007225,-0.013359,-0.110677,-0.007729,1,0,1
-0.007156,0.032173,0.005203,0.04295,0.003965,1,0,1
-0.049509,0.021076,-0.025998,-0.036135,0.012209,1,0,1
0.006427,0.021996,0.038472,0.049127,0.003579,1,0,1
0.012951,0.000306,0.027923,-0.02593,-0.05949,1,0,1
0.017613,-0.000276,0.037446,-0.011561,-0.04414,1,0,1
-0.060218,-0.013113,0.039773,-0.025324,0.020272,1,0,1
-0.045279,0.012552,0.053166,0.065792,0.007148,1,0,1
0.001556,-0.025371,0.026166,-0.102265,-0.042678,1,0,1
-0.083956,0.039267,-0.051673,0.002109,0.010741,1,0,1
-0.054835,0.020518,0.013736,0.015768,0.050007,1,0,1
-0.032816,0.013504,0.030815,0.031276,-0.019762,1,0,1
-0.031062,-0.01638,0.079155,0.039943,-0.019312,1,0,1
-0.055533,-0.035702,0.094143,0.035327,-0.012844,1,0,1
-0.026999,-0.011184,-0.013144,-0.123079,-0.040351,1,0,1
-0.009718,0.037717,-0.007731,0.038207,-0.008292,1,0,1
0.035076,-0.014379,0.063885,-0.020579,-0.019602,1,0,1
-0.014792,0.023491,0.010001,0.024392,0.022644,1,0,1
-0.07323,0.030844,-0.044116,-0.015322,0.036124,1,0,1
0.006041,-0.0168,0.068685,0.006873,-0.04965,1,0,1
-0.032696,-0.014821,0.062441,0.002638,0.000236,1,0,1
0.008522,0.02312,0.010462,0.006393,-0.006462,1,0,1
-0.031932,0.005961,0.023371,-0.007516,-0.004788,1,0,1
0.000084,0.014602,0.023775,0.012304,-0.039289,1,0,1
-0.002996,-0.024927,0.059698,-0.022923,-0.052091,1,0,1
-0.020545,0.000304,0.016459,-0.041875,-0.012941,1,0,1
-0.012878,-0.01653,0.052677,-0.052447,0.069065,1,0,1
-0.062478,0.008,0.027699,0.001195,0.037105,1,0,1
-0.02213,-0.008628,0.063206,0.015376,0.00989,1,0,1
-0.007856,0.014362,0.023594,0.009427,-0.028741,1,0,1
-0.023101,-0.085877,0.146212,0.03184,-0.068776,1,0,1
-0.027739,0.03563,-0.019356,0.024499,-0.012719,1,0,1
-0.010575,0.008075,0.021923,-0.007761,-0.032051,1,0,1
-0.022229,0.014734,0.010045,-0.01526,-0.013534,1,0,1
-0.038738,0.038822,-0.031027,0.042248,-0.004273,1,0,1
0.011816,0.02577,0.01256,0.019513,-0.033529,1,0,1
-0.045542,0.032949,-0.020535,0.004766,0.007265,1,0,1
-0.048821,0.023711,0.003703,0.003609,0.027408,1,0,1
-0.012449,0.013904,-0.006235,-0.033688,-0.009882,1,0,1
-0.038133,0.027678,0.010916,0.034687,0.032118,1,0,1
-0.069443,0.020103,0.009524,0.018964,0.012305,1,0,1
-0.029027,-0.005038,0.043753,-0.018092,0.051612,1,0,1
-0.02164,-0.009216,0.024556,-0.050541,-0.021845,1,0,1
0.012056,0.002405,0.048984,0.015166,-0.032531,1,0,1
-0.070032,-0.0549,0.085543,-0.02573,-0.001192,1,0,1
-0.083615,0.00841,0.022163,0.001922,0.054876,1,0,1
-0.0214,-0.04439,0.089499,-0.001592,-0.044024,1,0,1
-0.024059,-0.035005,0.055456,-0.054353,-0.039178,1,0,1
-0.059561,-0.079908,0.071544,-0.105723,-0.045903,1,0,1
-0.056356,-0.008271,0.06281,0.038324,-0.012104,1,0,1
-0.02691,0.007249,0.022595,-0.015021,0.007558,1,0,1
-0.004615,-0.031686,0.089509,0.009564,0.016284,1,0,1
-0.042567,0.037386,-0.029545,0.029737,0.037908,1,0,1
-0.007243,0.034151,-0.003515,0.059906,-0.005039,1,0,1
-0.035096,-0.040696,0.101036,0.027358,-0.017763,1,0,1
-0.032738,0.022923,-0.000792,0.003055,-0.001015,1,0,1
-0.030616,0.008216,0.015824,-0.018319,-0.017689,1,0,1
-0.06518,0.014408,0.002973,-0.011078,0.00605,1,0,1
0.050975,0.005665,0.054227,0.007958,-0.009666,1,0,1
-0.007817,0.002407,0.051335,0.012888,0.007257,1,0,1
-0.071417,0.003646,0.028492,-0.000078,0.025332,1,0,1
-0.007592,-0.046283,0.088846,-0.012207,-0.068045,1,0,1
-0.05331,0.042552,-0.034883,0.049048,0.029294,1,0,1
0.013526,0.022868,0.039474,0.053799,-0.019661,1,0,1
-0.066027,0.028831,-0.019355,-0.005223,0.055087,1,0,1
-0.054375,0.016428,-0.008087,-0.026983,0.065473,1,0,1
-0.073285,-0.038788,0.074889,-0.016531,0.031027,1,0,1
0.014803,0.02124,0.01911,0.014675,-0.046954,1,0,1
-0.052115,0.024017,0.025572,0.055563,0.01832,1,0,1
-0.014243,0.017429,0.01163,-0.002662,-0.007927,1,0,1
-0.038271,0.026217,-0.021649,-0.013236,-0.023183,1,0,1
-0.03494,-0.046408,0.10278,-0.004574,0.058754,1,0,1
-0.035312,0.034573,-0.022046,0.023705,-0.001085,1,0,1
-0.025945,0.040937,-0.011892,0.062473,-0.016616,1,0,1
-0.072552,0.033007,-0.033869,-0.002496,0.040932,1,0,1
